[
  {
    "fetcher":"fsf",
    "fetchKey":"testPDF.pdf",
    "emitter":"solr1"
  },
  {
    "fetcher":"fsf",
    "fetchKey":"oom.xml",
    "emitter":"solr1"
  },
  {
    "fetcher":"fsf",
    "fetchKey":"quine.gz",
    "emitter":"solr1"
  },
  {
    "fetcher":"fsf",
    "fetchKey":"system-exit.xml",
    "emitter":"solr1"
  },
  {
    "fetcher":"fsf",
    "fetchKey":"testPDF_truncated.pdf",
    "emitter":"solr1"
  },
  {
    "fetcher":"fsf",
    "fetchKey":"test_recursive_embedded.docx",
    "emitter":"solr1"
  }
]
