<?xml version="1.0"?>
<!--
   Licensed to the Apache Software Foundation (ASF) under one
   or more contributor license agreements.  See the NOTICE file
   distributed with this work for additional information
   regarding copyright ownership.  The ASF licenses this file
   to you under the Apache License, Version 2.0 (the
   "License"); you may not use this file except in compliance
   with the License.  You may obtain a copy of the License at

     http://www.apache.org/licenses/LICENSE-2.0

   Unless required by applicable law or agreed to in writing,
   software distributed under the License is distributed on an
   "AS IS" BASIS, WITHOUT WARRANTIES OR CONDITIONS OF ANY
   KIND, either express or implied.  See the License for the
   specific language governing permissions and limitations
   under the License.
-->
<properties>
  <parsers>
    <parser class="org.apache.tika.parser.DefaultParser">
      <parser-exclude class="org.apache.tika.parser.ocr.TesseractOCRParser"/>
      <parser-exclude class="org.apache.tika.parser.pdf.PDFParser"/>
      <parser-exclude class="org.apache.tika.parser.microsoft.ooxml.OOXMLParser"/>
      <parser-exclude class="org.apache.tika.parser.microsoft.OfficeParser"/>
    </parser>
    <parser class="org.apache.tika.parser.pdf.PDFParser">
      <params>
        <param name="extractActions" type="bool">true</param>
        <param name="checkExtractAccessPermissions" type="bool">true</param>
      </params>
    </parser>
    <parser class="org.apache.tika.parser.microsoft.ooxml.OOXMLParser">
      <params>
        <param name="includeDeletedContent" type="bool">true</param>
        <param name="includeMoveFromContent" type="bool">true</param>
        <param name="extractMacros" type="bool">true</param>
      </params>
    </parser>
    <parser class="org.apache.tika.parser.microsoft.OfficeParser">
      <params>
        <param name="extractMacros" type="bool">true</param>
      </params>
    </parser>
  </parsers>
  <metadataFilters>
    <!-- depending on the file format, some dates do not have a timezone. This
                 filter arbitrarily assumes dates have a UTC timezone and will format all
                 dates as yyyy-MM-dd'T'HH:mm:ss'Z' whether or not they actually have a timezone.
                 Note: this needs to come before fields are renamed!
             -->
    <metadataFilter class="org.apache.tika.metadata.filter.DateNormalizingMetadataFilter"/>
    <metadataFilter class="org.apache.tika.metadata.filter.FieldNameMappingFilter">
      <params>
        <excludeUnmapped>true</excludeUnmapped>
        <mappings>
          <mapping from="X-TIKA:content" to="content"/>
          <mapping from="Content-Length" to="length"/>
          <mapping from="dc:creator" to="creators"/>
          <mapping from="dcterms:created" to="created"/>
          <mapping from="dc:title" to="title"/>
          <mapping from="Content-Type" to="mime"/>
          <mapping from="X-TIKA:EXCEPTION:container_exception" to="tika_exception"/>
          <mapping from="X-TIKA:embedded_resource_path" to="embedded_path"/>
          <mapping from="resourceName" to="resource_name"/>
          <mapping from="X-TIKA:embedded_depth" to="embedded_depth"/>
        </mappings>
      </params>
    </metadataFilter>
  </metadataFilters>
  <async>
    <params>
      <maxForEmitBatchBytes>100000</maxForEmitBatchBytes>
      <emitMaxEstimatedBytes>1000000</emitMaxEstimatedBytes>
      <emitWithinMillis>60000</emitWithinMillis>
      <numEmitters>1</numEmitters>
      <numClients>4</numClients>
      <tikaConfig>configs/opensearch/tika-config-fs-to-opensearch.xml</tikaConfig>
      <forkedJvmArgs>
        <arg>-Xmx1g</arg>
        <arg>-XX:ParallelGCThreads=2</arg>
        <arg>-Dlog4j.configurationFile=file:config/log4j2-async.xml</arg>
      </forkedJvmArgs>
      <timeoutMillis>120000</timeoutMillis>
    </params>
  </async>
  <fetchers>
    <fetcher class="org.apache.tika.pipes.fetcher.fs.FileSystemFetcher">
      <params>
        <name>fsf</name>
        <basePath>/Users/allison/Desktop/tika-pipes-tutorial-20221202/docs</basePath>
      </params>
    </fetcher>
  </fetchers>
  <emitters>
    <emitter class="org.apache.tika.pipes.emitter.opensearch.OpenSearchEmitter">
      <params>
        <name>ose</name>
        <openSearchUrl>https://localhost:9200/tika-test</openSearchUrl>
        <attachmentStrategy>PARENT_CHILD</attachmentStrategy>
        <commitWithin>10</commitWithin>
        <idField>_id</idField>
        <connectionTimeout>10000</connectionTimeout>
        <socketTimeout>60000</socketTimeout>
        <userName>admin</userName>
        <password>admin</password>
      </params>
    </emitter>
  </emitters>
  <pipesIterator class="org.apache.tika.pipes.pipesiterator.fs.FileSystemPipesIterator">
    <params>
      <fetcherName>fsf</fetcherName>
      <emitterName>ose</emitterName>
      <basePath>/Users/allison/Desktop/tika-pipes-tutorial-20221202/docs</basePath>
    </params>
  </pipesIterator>
</properties>