{
    "add-field-type" : {
    	"name":"text_simple",
    	"class":"solr.TextField",
    	"analyzer":{
    		"tokenizer":{
    			"class":"solr.StandardTokenizerFactory"
    		},
    		"filters":[
    			{
    				"class":"solr.LowerCaseFilterFactory"
    			}
    		]
    	}
    },
    "replace-field" : [
    	{
    		"name":"_root_",
		 	"type":"string",
			"indexed":true,
			"stored":true,
			"multiValued":false
    	},
    	{
    		"name":"_nest_path_",
		 	"type":"_nest_path_",
			"indexed":true,
			"stored":true,
			"multiValued":false
    	}
    ],
	"add-field" : [
		{
			"name":"_nest_parent_",
		 	"type":"string",
			"indexed":true,
			"stored":true,
			"multiValued":false
		},
		{
			"name":"creators",
		 	"type":"text_simple",
			"indexed":true,
			"stored":true,
			"multiValued":true
		},
		{
			"name":"title",
		 	"type":"text_simple",
			"indexed":true,
			"stored":true,
			"multiValued":true
		},
		{
			"name":"mime",
		 	"type":"string",
			"indexed":true,
			"stored":true,
			"multiValued":false
		},
		{
			"name":"content",
		 	"type":"text_simple",
			"indexed":true,
			"stored":true,
			"multiValued":false
		},
		{
			"name":"embedded_path",
		 	"type":"string",
			"indexed":true,
			"stored":true,
			"multiValued":false
		},
		{
			"name":"resource_name",
		 	"type":"string",
			"indexed":true,
			"stored":true,
			"multiValued":false
		},
		{
			"name":"tika-exception",
		 	"type":"text_simple",
			"indexed":true,
			"stored":true,
			"multiValued":true
		},
		{
			"name":"embedded_depth",
		 	"type":"pint",
			"indexed":true,
			"stored":true,
			"multiValued":false
		},
		{
			"name":"length",
		 	"type":"pint",
			"indexed":true,
			"stored":true,
			"multiValued":false
		},
		{
			"name":"created",
		 	"type":"pdate",
			"indexed":true,
			"stored":true,
			"multiValued":false
		},

	]

}